modelo,accuracy,precision,recall,F1,ROC_AUC,PR_AUC,TN,FP,FN,TP
Logística balanceada,0.9121621621621622,0.6530612244897959,0.7804878048780488,0.7111111111111111,0.9542802486848398,0.8159788385152567,238,17,9,32
Random Forest balanceado,0.9121621621621622,0.6744186046511628,0.7073170731707317,0.6904761904761905,0.9354375896700144,0.810000157395687,241,14,12,29
Gradient Boosting,0.9290540540540541,0.8333333333333334,0.6097560975609756,0.704225352112676,0.9629363940698231,0.805505254858406,250,5,16,25
Árbol balanceado,0.8817567567567568,0.5535714285714286,0.7560975609756098,0.6391752577319587,0.9033476805356289,0.7074680479389546,230,25,10,31
Dummy prior,0.8614864864864865,0.0,0.0,0.0,0.5,0.13851351351351351,255,0,41,0
