modelo,MAE,RMSE,R2
Random Forest,1692.7893079380253,2435.6002027061277,0.7331279281487928
Lasso,1758.917049151439,2311.5935296337693,0.7596112913078624
Regresión lineal,1760.2856529548126,2311.222520126548,0.7596884496300486
Ridge,1760.409777240105,2312.091153277994,0.759507781776859
Gradient Boosting,1772.1935869800186,2505.4789525590527,0.7175948308651495
Árbol,1772.332748967182,2587.0010286649176,0.6989183225348536
Dummy mediana,3295.4662162162163,4897.584521158557,-0.07908337985913239
