modelo,MAE,RMSE,R2
Gradient Boosting,1643.5714869351862,2396.196329386318,0.7416931511810746
Random Forest,1679.4892557874937,2428.8617991121127,0.7346025577883817
Lasso,1710.3067135463423,2314.215840819319,0.7590655798364346
Regresión lineal,1733.6620901180615,2286.430847590371,0.764816274405219
Ridge,1738.5464964162625,2291.526885119647,0.7637667428019799
Árbol,1746.368732487318,2568.7362145340903,0.7031547244639829
Dummy mediana,3295.4662162162163,4897.584521158557,-0.07908337985913239
